Ref,Val,Package,PosX,PosY,Rot,Side
"C3","2.2uF","C0603",143.193000,-96.919000,90.000000,top
"C4","2.2uF","C0603",136.919000,-116.299000,180.000000,top
"C5","2.2uF","C0603",156.807000,-123.081000,90.000000,top
"C6","100nF","C0603",151.294000,-123.079500,90.000000,top
"C7","100nF","C0603",163.081000,-115.816500,0.000000,top
"C8","100nF","C0603",163.081000,-112.819500,0.000000,top
"C9","100nF","C0603",163.081000,-109.822000,0.000000,top
"C10","100nF","C0603",163.335000,-103.320000,0.000000,top
"C11","100nF","C0603",156.197500,-96.919000,90.000000,top
"C15","100nF","C0603",149.187000,-96.919000,90.000000,top
"C17","100nF","C0603",43.000000,-90.000000,90.000000,top
"C18","100nF","C0603",142.500000,-90.000000,90.000000,top
"C19","100nF","C0603",242.989500,-90.010000,90.000000,top
"C20","100nF","C0603",188.100000,-104.920000,90.000000,top
"C21","100nF","C0603",195.720000,-104.920000,90.000000,top
"C22","100nF","C0603",203.340000,-104.920000,90.000000,top
"C23","100nF","C0603",210.960000,-104.920000,90.000000,top
"C24","100nF","C0603",218.580000,-104.920000,0.000000,top
"C25","100nF","C0603",188.100000,-115.080000,0.000000,top
"C26","100nF","C0603",195.720000,-115.080000,0.000000,top
"C27","100nF","C0603",203.340000,-115.080000,0.000000,top
"C28","100nF","C0603",210.960000,-115.080000,0.000000,top
"C29","22uF","C0805",257.500000,-90.000000,90.000000,top
"C30","22uF","C0805",57.500000,-90.000000,90.000000,top
"C31","22uF","C0805",157.500000,-90.000000,-90.000000,top
"C32","100nF","C0603",141.694000,-96.919000,90.000000,top
"C33","100nF","C0603",136.919000,-104.310500,0.000000,top
"C34","100nF","C0603",136.919000,-110.813000,0.000000,top
"C35","100nF","C0603",136.919000,-117.823000,180.000000,top
"C36","100nF","C0603",146.317000,-123.081000,90.000000,top
"C37","100nF","C0603",163.335000,-99.586000,0.000000,top
"C38","4.7uF","C0805",124.600000,-106.190000,0.000000,top
"C39","4.7uF","C0805",124.600000,-100.348000,0.000000,top
"C40","1uF","C0603",160.795000,-99.332000,90.000000,top
"C41","18pF","C0603",166.129000,-110.000000,-90.000000,top
"C42","18pF","C0603",166.129000,-103.269000,90.000000,top
"C43","100nF","C0603",158.814000,-123.081000,90.000000,top
"C44","100nF","C0603",136.919000,-109.111000,0.000000,top
"C45","100nF","C0603",163.081000,-111.321000,0.000000,top
"C46","100nF","C0603",132.000000,-113.048000,90.000000,top
"C47","1uF","C0603",142.177000,-94.000000,90.000000,top
"C48","22uF","C0805",117.996000,-106.190000,-90.000000,top
"C49","22uF","C0805",117.996000,-100.348000,-90.000000,top
"C50","1uF","C0603",34.430000,-108.857000,90.000000,top
"C51","10uF","C0805",104.915000,-106.190000,-90.000000,top
"C52","100nF","C0603",106.820000,-106.444000,90.000000,top
"C53","100nF","C0603",27.500000,-107.079000,180.000000,top
"C54","100nF","C0603",27.500000,-111.016000,180.000000,top
"C55","100nF","C0603",163.335000,-101.364000,180.000000,top
"C56","100nF","C0603",218.580000,-115.080000,0.000000,top
"C59","100nF","C0603",185.000000,-126.000000,0.000000,top
"C60","100nF","C0603",115.000000,-125.238000,180.000000,top
"C61","100nF","C0603",85.000000,-89.500000,0.000000,top
"C62","100nF","C0603",222.500000,-100.000000,90.000000,top
"C63","100nF","C0603",59.300000,-90.000000,90.000000,top
"C64","100nF","C0603",159.300000,-90.000000,-90.000000,top
"C65","100nF","C0603",257.250000,-93.250000,180.000000,top
"C66","22uF","C0805",46.600000,-97.500000,180.000000,top
"C67","22uF","C0805",139.850000,-92.700000,-90.000000,top
"C68","22uF","C0805",252.900000,-96.500000,0.000000,top
"C70","1uF","C0603",93.460000,-96.350000,0.000000,top
"C71","1uF","C0603",220.140000,-90.730000,0.000000,top
"D9","USBLC6-2SC6","SOT-23-6_L2.9-W1.6-P0.95-LS2.8-BL",36.970000,-90.950000,0.000000,top
"D10","1N5819WS","1N5819WS",94.820000,-92.260000,180.000000,top
"D11","1N5819WS","1N5819WS",219.900000,-88.400000,180.000000,top
"DC1","DC-005-A250","DC-IN-TH_DC-005-2",36.000000,-122.000000,0.000000,top
"F1","1812L300_30GR","1812L300_30GR",49.000000,-123.500000,0.000000,top
"FPC1","5034802000","FPC-SMD_5034802000",50.000500,-90.000000,0.000000,top
"FPC2","5034802000","FPC-SMD_5034802000",150.000500,-90.000000,0.000000,top
"FPC3","5034802000","FPC-SMD_5034802000",250.000000,-90.000000,0.000000,top
"H1","PZ254V-11-02P","HDR-TH_2P-P2.54-V-M",175.000000,-122.000000,180.000000,top
"H3","PZ254V-11-02P","HDR-TH_2P-P2.54-V-M",125.000000,-122.000000,0.000000,top
"L1","BLM18PG121SN1D","L0603",170.320000,-101.618000,90.000000,top
"L2","2.2uH","IND-SMD_L4.0-W4.0_FNR40XXS",113.170000,-106.190000,-90.000000,top
"LED1","HL-A-3528U51GC-S1-13HL","HL-A-3528U51GC-S1-13HL",65.000000,-90.000000,-90.000000,top
"LED2","HL-A-3528U51GC-S1-13HL","HL-A-3528U51GC-S1-13HL",234.750000,-89.750000,-90.000000,top
"LED3","HL-A-3528H343W-S1-13HL-HR3(SDCM 6)(6000K-7000K)","HL-A-3528H343W-S1-13HL-HR3_SDCM_amp_lt_6_6000K-7000K",74.750000,-90.250000,-90.000000,top
"LED4","HL-A-3528H203BC-S1-13HL","HL-A-3528H203BC-S1-13HL",225.000000,-90.000000,-90.000000,top
"LED5","HVO-3528CPXA","HVO-3528CPXA",65.000000,-95.000000,90.000000,top
"LED6","HL-A-3528S35FC-S1-13HL","HL-A-3528S35FC-S1-13HL",224.750000,-95.500000,90.000000,top
"LED7","HL-A-3528S35FC-S1-13HL","HL-A-3528S35FC-S1-13HL",75.000000,-95.000000,-90.000000,top
"LED8","HL-A-3528S31YC-S1-13HL","HL-A-3528S31YC-S1-13HL",233.500000,-95.500000,-90.000000,top
"P1","WJ500V-5.08-2P","CONN-TH_2P-P5.00_WJ500V-5.08-2P",175.000000,-130.000000,0.000000,top
"P2","WJ500V-5.08-2P","CONN-TH_2P-P5.00_WJ500V-5.08-2P",125.000000,-130.000000,0.000000,top
"Q1","AO4406A","SOP-8_L5.0-W3.8-P1.27-LS6.0-BL",45.000000,-105.000000,0.000000,top
"Q2","AO4406A","SOP-8_L5.0-W3.8-P1.27-LS6.0-BL",45.000000,-115.000000,0.000000,top
"R1","10kΩ","R0603",85.000000,-130.000000,90.000000,top
"R2","10kΩ","R0603",114.440000,-101.110000,0.000000,top
"R3","33kΩ","R0603",110.630000,-101.110000,0.000000,top
"R4","10kΩ","R0603",36.843000,-96.030000,0.000000,top
"R5","4.7kΩ","R0603",129.680000,-98.316000,0.000000,top
"R6","1kΩ","R0603",37.000000,-110.000000,180.000000,top
"R7","10kΩ","R0603",37.986000,-99.332000,-90.000000,top
"R8","4.7kΩ","R0603",129.680000,-92.220000,0.000000,top
"R9","33Ω","R0603",151.778000,-96.665000,90.000000,top
"R10","60.4Ω","R0603",163.500000,-130.000000,-90.000000,top
"R11","10kΩ","R0603",153.302000,-93.744000,-90.000000,top
"R12","10kΩ","R0603",52.845000,-93.744000,-90.000000,top
"R13","10kΩ","R0603",252.870000,-93.744000,-90.000000,top
"R14","60.4Ω","R0603",167.000000,-130.000000,0.000000,top
"R15","60.4Ω","R0603",136.500000,-130.000000,-90.000000,top
"R24","60.4Ω","R0603",132.873000,-130.000000,180.000000,top
"R28","1kΩ","R0603",35.000000,-130.000000,90.000000,top
"R29","1kΩ","R0603",45.000000,-130.000000,90.000000,top
"R30","1kΩ","R0603",55.000000,-130.000000,90.000000,top
"R31","1kΩ","R0603",65.000000,-130.000000,90.000000,top
"R32","33Ω","R0603",146.190000,-93.744000,90.000000,top
"R33","33Ω","R0603",136.000000,-101.250000,180.000000,top
"R34","33Ω","R0603",166.000000,-117.920000,0.000000,top
"R35","33Ω","R0603",149.746000,-93.744000,90.000000,top
"R36","33Ω","R0603",132.700000,-102.250000,180.000000,top
"R37","33Ω","R0603",166.500000,-113.900000,0.000000,top
"R41","100kΩ","R0603",147.968000,-93.744000,-90.000000,top
"R42","100kΩ","R0603",47.892000,-93.744000,-90.000000,top
"R43","100kΩ","R0603",247.891500,-93.744000,-90.000000,top
"R45","10kΩ","R0603",151.524000,-93.744000,-90.000000,top
"R46","10kΩ","R0603",51.194000,-93.744000,-90.000000,top
"R47","10kΩ","R0603",251.219000,-93.744000,-90.000000,top
"R49","10kΩ","R0603",75.000000,-122.499750,0.000000,top
"R60","10kΩ","R0603",81.440000,-89.880000,0.000000,top
"R61","10kΩ","R0603",229.000000,-90.070000,0.000000,top
"SW1","HX TS4538CJ 250gf 009","SW-TH_4P-L4.5-W4.5-P3.00-LS5.0",40.000000,-130.000000,0.000000,top
"SW2","HX TS4538CJ 250gf 009","SW-TH_4P-L4.5-W4.5-P3.00-LS5.0",50.000000,-130.000000,0.000000,top
"SW3","HX TS4538CJ 250gf 009","SW-TH_4P-L4.5-W4.5-P3.00-LS5.0",60.000000,-130.000000,0.000000,top
"SW4","HX TS4538CJ 250gf 009","SW-TH_4P-L4.5-W4.5-P3.00-LS5.0",70.000000,-130.000000,0.000000,top
"SW6","HX TS4538CJ 250gf 009","SW-TH_4P-L4.5-W4.5-P3.00-LS5.0",80.000000,-130.000000,0.000000,top
"SW7","HX TS4538CJ 250gf 009","SW-TH_4P-L4.5-W4.5-P3.00-LS5.0",90.000000,-130.000000,0.000000,top
"U1","STM32H755ZIT6","LQFP-144_L20.0-W20.0-P0.50-LS22.0-BL",150.000000,-110.000000,90.000000,top
"U2","W25Q256JVEIQ","WSON-8_L8.0-W6.0-P1.27-TL-EP",174.090000,-107.206000,180.000000,top
"U3","TPS563201DDCR","SOT-23-6_L2.9-W1.6-P0.95-LS2.8-BR",109.360000,-106.190000,90.000000,top
"U4","CH224K","ESSOP-10_L4.9-W3.9-P1.0-LS6.0-TL-EP",38.000000,-105.000000,0.000000,top
"U5","LM74700QDBVRQ1","SOT-23-6_L2.9-W1.6-P0.95-LS2.8-BL",31.000000,-108.000000,-90.000000,top
"U6","LM74700QDBVRQ1","SOT-23-6_L2.9-W1.6-P0.95-LS2.8-BL",31.000000,-112.000000,-90.000000,top
"U7","FM24CL64B-GTR","SOIC-8_L4.9-W3.9-P1.27-LS6.0-BL",135.000000,-95.000000,-90.000000,top
"U8","TJA1051T/3/1J","SOIC-8_L4.9-W3.9-P1.27-LS6.0-BL",185.000000,-130.000000,90.000000,top
"U9","TJA1051T/3/1J","SOIC-8_L4.9-W3.9-P1.27-LS6.0-BL",115.000000,-129.238000,90.000000,top
"U11","AW9523BTQR","AW9523BTQR",85.000000,-95.000000,-90.000000,top
"U12","AW9523BTQR","AW9523BTQR",227.000000,-100.000000,90.000000,top
"USBC1","TYPE-C-31-M-12","USB-C_SMD-TYPE-C-31-M-12_1",30.000000,-100.000000,-90.000000,top
"X1","25MHz","CRYSTAL-SMD_4P-L3.2-W2.5-BL",163.843000,-106.545500,0.000000,top
